{
    "ActionSound": "",
    "AutoUnlock": true,
    "Cards": [
        "{\n    \"UnitsInDeck\": 5,\n    \"Card\": \"tricksterthrowingcard\"\n}",
        "{\n    \"UnitsInDeck\": 3,\n    \"Card\": \"blur\"\n}",
        "{\n    \"UnitsInDeck\": 2,\n    \"Card\": \"setup\"\n}",
        "{\n    \"UnitsInDeck\": 2,\n    \"Card\": \"tricksterfanofcards\"\n}",
        "{\n    \"UnitsInDeck\": 1,\n    \"Card\": \"ambush\"\n}",
        "{\n    \"UnitsInDeck\": 1,\n    \"Card\": \"vanish\"\n}",
        "{\n    \"UnitsInDeck\": 1,\n    \"Card\": \"trickstercardstorm\"\n}"
    ],
    "ChallengePack0": "ninja",
    "ChallengePack1": "fencer",
    "ChallengePack2": "rogue",
    "ChallengePack3": "scribe",
    "ChallengePack4": "hunter",
    "ChallengePack5": "scoundrel",
    "ChallengePack6": "tricky",
    "CharacterDescription": "This character comes from Senenthia and blah blah blah",
    "CharacterDescriptionStrength": "This character excels at Evasion, Stealth, Draw and Trickery!",
    "CharacterName": "Shaun Eello",
    "Energy": 1,
    "EnergyTurn": 3,
    "Female": true,
    "FluffOffsetX": 0,
    "FluffOffsetY": 3.40000009536743,
    "HeroClass": "scout",
    "HeroClassSecondary": "none",
    "HitSound": "",
    "HP": 73,
    "ID": "trickster",
    "Item": "tricksterhiddenpouch",
    "MaxHP": [
        0,
        5,
        10,
        10,
        10
    ],
    "OrderInList": 5,
    "ResistSlashing": 5,
    "ResistBlunt": 3,
    "ResistPiercing": 5,
    "ResistFire": 9,
    "ResistCold": 9,
    "ResistLightning": 9,
    "ResistHoly": 0,
    "ResistShadow": 0,
    "ResistMind": 20,
    "Speed": 17,
    "SpriteBorderLocked": "shauneelloSilueta",
    "StickerBase": "",
    "StickerAngry": "",
    "StickerIndifferent": "",
    "StickerLove": "",
    "StickerSurprise": "",
    "StickerOffsetX": 0.100000001490116,
    "SubclassName": "Trickster",
    "Trait0": "trickstermagictrick",
    "Trait1A": "tricksterpractice",
    "Trait1B": "tricksterstudy",
    "Trait2A": "trickstertrickupyoursleeve",
    "Trait2B": "tricksterlearnrealmagic",
    "Trait3A": "trickstersecretpocket",
    "Trait3B": "tricksterimprovise",
    "Trait4A": "tricksterdistractingact",
    "Trait4B": "tricksterdrawpower"
}