{
    "Activation": "CastCard",
    "AuraCurseBonus1": "stealth",
    "AuraCurseBonus2": "evasion",
    "AuraCurseBonus3": "",
    "AuraCurseBonusValue1": 2,
    "AuraCurseBonusValue2": 1,
    "AuraCurseBonusValue3": 0,
    "AuraCurseImmune1": "",
    "AuraCurseImmune2": "",
    "AuraCurseImmune3": "",
    "CharacterStatModified": "None",
    "CharacterStatModifiedValue": 0,
    "DamageBonusFlat": "None",
    "DamageBonusFlat2": "None",
    "DamageBonusFlat3": "None",
    "DamageBonusFlatValue": 0,
    "DamageBonusFlatValue2": 0,
    "DamageBonusFlatValue3": 0,
    "DamageBonusPercent": "None",
    "DamageBonusPercent2": "None",
    "DamageBonusPercent3": "None",
    "DamageBonusPercentValue": 0.0,
    "DamageBonusPercentValue2": 0.0,
    "DamageBonusPercentValue3": 0.0,
    "Description": "+2 Stealth, +1 Evasion. After you play a card, gain 1 Stealth if you had none.",
    "HealFlatBonus": 0,
    "HealPercentBonus": 0.0,
    "HealReceivedFlatBonus": 0,
    "HealReceivedPercentBonus": 0.0,
    "ID": "tricksterdistractingact",
    "ResistModified1": "None",
    "ResistModified2": "None",
    "ResistModified3": "None",
    "ResistModifiedValue1": 0,
    "ResistModifiedValue2": 0,
    "ResistModifiedValue3": 0,
    "TimesPerRound": 0,
    "TimesPerTurn": 0,
    "TraitCard": "",
    "TraitCardForAllHeroes": "",
    "TraitName": "Distracting Act"
}